{"name":"CheckBalance","identifier":"VARNSOTKN9","description":"Intent to check the balance in the specified account type","parentIntentSignature":null,"sampleUtterances":[{"utterance":"What’s the balance in my account ?"},{"utterance":"Check my account balance"},{"utterance":"What’s the balance in my {accountType} account ?"},{"utterance":"How much do I have in {accountType} ?"},{"utterance":"I want to check the balance"},{"utterance":"Can you help me with account balance ?"},{"utterance":"Balance in {accountType}"}],"intentConfirmationSetting":null,"intentClosingSetting":{"isActive":true,"nextStep":{"sessionAttributes":null,"dialogAction":{"type":"EndConversation","suppressNextMessage":null,"slotToElicit":null},"intent":null},"closingResponse":{"messageGroupsList":[{"message":{"ssmlMessage":null,"customPayload":null,"plainTextMessage":{"value":"Thanks for checking your balance.  Have a nice day."},"imageResponseCard":null},"variations":null}],"allowInterrupt":false}},"initialResponseSetting":{"nextStep":{"sessionAttributes":null,"dialogAction":{"type":"InvokeDialogCodeHook","suppressNextMessage":null,"slotToElicit":null},"intent":null},"codeHook":{"isActive":true,"enableCodeHookInvocation":true,"invocationLabel":null,"postCodeHookSpecification":{"successConditional":null,"timeoutResponse":null,"timeoutNextStep":{"sessionAttributes":null,"dialogAction":{"type":"EndConversation","suppressNextMessage":null,"slotToElicit":null},"intent":null},"timeoutConditional":null,"failureResponse":null,"failureNextStep":{"sessionAttributes":null,"dialogAction":{"type":"EndConversation","suppressNextMessage":null,"slotToElicit":null},"intent":null},"failureConditional":null,"successResponse":null,"successNextStep":{"sessionAttributes":null,"dialogAction":{"type":"ElicitSlot","suppressNextMessage":null,"slotToElicit":"accountType"},"intent":null}}},"conditional":null,"initialResponse":null},"inputContexts":null,"outputContexts":[{"name":"contextCheckBalance","turnsToLive":5,"timeToLiveInSeconds":90}],"kendraConfiguration":null,"dialogCodeHook":null,"fulfillmentCodeHook":{"postFulfillmentStatusSpecification":{"timeoutResponse":null,"timeoutNextStep":{"sessionAttributes":null,"dialogAction":{"type":"EndConversation","suppressNextMessage":null,"slotToElicit":null},"intent":null},"failureResponse":null,"failureNextStep":{"sessionAttributes":null,"dialogAction":{"type":"EndConversation","suppressNextMessage":null,"slotToElicit":null},"intent":null},"successResponse":null,"successNextStep":{"sessionAttributes":null,"dialogAction":{"type":"CloseIntent","suppressNextMessage":null,"slotToElicit":null},"intent":null}},"fulfillmentUpdatesSpecification":null,"enabled":true},"slotPriorities":[{"priority":1,"slotName":"accountType"},{"priority":2,"slotName":"dateOfBirth"}]}